,date,currency,headline,rupee_sentiment
0,2026-08-03,USDINR,Rupee weakens as importers buy dollars and foreign outflows continue,-2
1,2026-08-12,USDINR,Rupee gains on strong foreign inflows and easing crude prices,3
2,2026-08-20,USDINR,Rupee slides to fresh low as trade deficit widens,-3
3,2026-08-28,USDINR,RBI intervention supports rupee after sharp fall,0
4,2026-08-04,EURINR,Euro rally pressures rupee as eurozone growth surprises,-1
5,2026-08-13,EURINR,Rupee strengthens against euro after improved export data,2
6,2026-08-21,EURINR,Rupee falls versus euro on hawkish ECB signals,-1
7,2026-08-29,EURINR,Rupee holds steady against euro amid calm markets,2
8,2026-08-05,GBPINR,Sterling climbs and rupee weakens on strong UK jobs data,-1
9,2026-08-14,GBPINR,Rupee gains versus pound as UK inflation cools,2
10,2026-08-22,GBPINR,Pound slump lifts rupee after weak UK retail sales,0
11,2026-08-30,GBPINR,Rupee under pressure as pound recovers on rate bets,-1
12,2026-08-06,JPYINR,Yen surge adds pressure on rupee amid risk aversion,-1
13,2026-08-15,JPYINR,Rupee strengthens against yen as risk appetite returns,1
14,2026-08-23,JPYINR,Yen slides and rupee rallies after dovish central bank tone,0
15,2026-08-31,JPYINR,Rupee weakens versus yen on global selloff and volatile markets,-3
