date,currency,headline
2026-08-03,USDINR,Rupee weakens as importers buy dollars and foreign outflows continue
2026-08-12,USDINR,Rupee gains on strong foreign inflows and easing crude prices
2026-08-20,USDINR,Rupee slides to fresh low as trade deficit widens
2026-08-28,USDINR,RBI intervention supports rupee after sharp fall
2026-08-04,EURINR,Euro rally pressures rupee as eurozone growth surprises
2026-08-13,EURINR,Rupee strengthens against euro after improved export data
2026-08-21,EURINR,Rupee falls versus euro on hawkish ECB signals
2026-08-29,EURINR,Rupee holds steady against euro amid calm markets
2026-08-05,GBPINR,Sterling climbs and rupee weakens on strong UK jobs data
2026-08-14,GBPINR,Rupee gains versus pound as UK inflation cools
2026-08-22,GBPINR,Pound slump lifts rupee after weak UK retail sales
2026-08-30,GBPINR,Rupee under pressure as pound recovers on rate bets
2026-08-06,JPYINR,Yen surge adds pressure on rupee amid risk aversion
2026-08-15,JPYINR,Rupee strengthens against yen as risk appetite returns
2026-08-23,JPYINR,Yen slides and rupee rallies after dovish central bank tone
2026-08-31,JPYINR,Rupee weakens versus yen on global selloff and volatile markets
